NGC 104	6.023792	-72.081306	305.895	-44.889	4.52	0.03	7.52	0.01	-17.45	0.16	5.253	0.008	-2.557	0.008	-0.03	6.30	0.01	-2.59	0.02	-3.19	0.02	77.52	0.17	170.83	0.17	46.02	0.17	5.47	0.01	7.51	0.00
NGC 288	13.188500	-26.582611	151.285	-89.380	8.99	0.09	12.21	0.06	-44.45	0.13	4.157	0.004	-5.705	0.004	0.45	8.26	0.00	0.05	0.00	-8.99	0.09	4.20	0.15	-48.34	0.16	50.29	0.13	1.93	0.10	12.34	0.07
NGC 362	15.809416	-70.848778	301.533	-46.247	8.83	0.10	9.62	0.06	223.12	0.28	6.692	0.009	-2.533	0.009	-0.15	4.98	0.03	-5.20	0.06	-6.38	0.07	93.45	0.36	-98.32	0.33	-67.93	0.32	0.73	0.06	11.84	0.13
Whiting 1	30.737499	-3.252778	161.618	-60.636	30.59	1.17	35.15	1.11	-130.41	1.79	-0.244	0.051	-2.019	0.042	0.06	22.41	0.54	4.73	0.18	-26.66	1.02	-246.96	6.29	32.88	6.60	-7.97	3.57	35.15	1.12	61.94	4.86
NGC 1261	48.067543	-55.216225	270.539	-52.124	16.40	0.19	18.28	0.17	71.34	0.21	1.599	0.009	-2.064	0.009	0.06	8.08	0.00	-10.07	0.12	-12.95	0.15	-78.82	0.70	57.52	0.57	68.81	0.46	1.65	0.06	21.08	0.23
Pal 1	53.333500	79.581055	130.065	19.028	11.18	0.32	17.41	0.29	-75.72	0.29	-0.257	0.026	0.019	0.029	0.17	14.98	0.20	8.09	0.23	3.64	0.11	-64.32	1.20	206.67	0.99	-24.56	1.41	14.77	0.29	18.98	0.45
AM 1	58.759586	-49.615276	258.361	-48.471	118.91	3.40	120.27	3.28	118.00	14.14	0.384	0.066	-0.196	0.082	-0.21	24.08	0.45	-77.21	2.20	-89.01	2.54	-7.19	44.37	-8.91	31.66	76.86	27.49	24.32	15.37	127.61	26.77
Eridanus	66.185608	-21.186781	218.106	-41.332	84.68	2.89	89.76	2.78	-22.91	0.72	0.477	0.029	-0.295	0.035	-0.23	58.21	1.71	-39.24	1.34	-55.93	1.91	-55.48	11.10	68.30	11.41	131.30	8.85	11.79	3.13	119.38	3.92
Pal 2	71.524620	31.381500	170.530	-9.072	26.17	1.28	34.19	1.25	-135.97	1.55	1.229	0.054	-1.533	0.043	0.13	33.67	1.25	4.25	0.21	-4.13	0.20	-104.05	2.14	-10.43	5.83	24.77	6.10	0.70	0.42	38.81	1.46
NGC 1851	78.528160	-40.046555	244.513	-35.036	11.95	0.13	16.69	0.11	321.40	1.55	2.138	0.008	-0.670	0.008	-0.15	12.39	0.05	-8.83	0.10	-6.86	0.08	81.45	0.70	-68.15	1.19	-83.31	0.97	0.90	0.03	19.90	0.16
NGC 1904	81.045837	-24.524416	227.230	-29.350	13.08	0.18	19.09	0.16	205.76	0.20	2.470	0.007	-1.599	0.008	0.02	15.92	0.11	-8.37	0.12	-6.41	0.09	43.71	0.39	-17.22	0.38	5.41	0.41	0.30	0.14	19.57	0.10
NGC 2298	102.247543	-36.005306	245.629	-16.006	9.83	0.17	15.07	0.14	147.15	0.57	3.312	0.007	-2.183	0.007	0.09	12.08	0.07	-8.61	0.15	-2.71	0.05	-79.73	0.39	34.25	0.52	67.05	0.36	0.97	0.15	16.49	0.22
NGC 2419	114.535286	38.881944	180.370	25.241	88.47	2.40	95.93	2.33	-21.10	0.31	0.002	0.012	-0.540	0.008	0.14	88.20	2.17	-0.52	0.01	37.73	1.03	-6.07	2.17	33.70	3.47	-55.89	4.56	13.27	1.49	96.98	2.62
Pyxis	136.986900	-37.226600	261.321	6.992	36.53	0.66	38.61	0.62	40.46	0.21	1.026	0.016	0.144	0.019	0.09	13.65	0.10	-35.84	0.64	4.45	0.08	-107.18	3.00	215.25	0.67	159.69	2.97	38.66	0.63	432.44	151.99
NGC 2808	138.012909	-64.863495	282.193	-11.253	10.06	0.11	11.58	0.08	103.57	0.27	1.004	0.007	0.269	0.007	-0.03	6.09	0.02	-9.64	0.11	-1.96	0.02	-56.43	0.32	149.30	0.28	30.31	0.32	1.08	0.02	14.60	0.11
E 3	140.237793	-77.281891	292.268	-19.017	7.88	0.25	9.10	0.13	11.70	0.42	-2.734	0.025	7.088	0.025	0.02	5.36	0.09	-6.89	0.22	-2.57	0.08	218.34	0.89	111.39	0.58	97.28	0.89	9.01	0.17	12.11	0.87
Pal 3	151.381622	0.071667	240.140	41.864	94.84	3.23	98.17	3.13	94.04	0.80	0.071	0.047	-0.182	0.057	-0.49	43.34	1.20	-61.26	2.09	63.29	2.16	-41.10	20.58	135.12	19.31	51.48	16.91	44.63	8.90	112.67	39.17
NGC 3201	154.403427	-46.412476	277.229	8.640	4.74	0.04	8.93	0.02	495.39	0.06	8.350	0.005	-1.976	0.005	0.18	7.59	0.01	-4.65	0.04	0.71	0.01	-249.99	0.11	-199.09	0.21	148.84	0.11	8.34	0.02	25.52	0.37
Pal 4	172.318329	28.973373	202.311	71.801	101.39	2.57	104.05	2.47	72.40	0.24	-0.460	0.300	-0.291	0.256	-0.21	37.47	0.74	-12.02	0.30	96.32	2.44	147.95	134.01	32.27	125.91	7.63	44.83	69.82	32.47	500.00	0.00
Crater	174.068750	-10.876972	274.809	47.848	147.23	4.27	147.00	4.12	148.10	0.65	-0.013	0.112	-0.132	0.095	-0.27	-0.11	0.24	-98.46	2.86	109.15	3.17	-56.16	75.54	91.39	52.12	58.51	46.24	82.65	46.65	244.73	157.27
NGC 4147	182.526260	18.542639	252.848	77.189	18.54	0.21	20.74	0.19	179.35	0.31	-1.690	0.014	-2.092	0.013	-0.32	9.39	0.01	-3.93	0.05	18.07	0.21	40.11	1.18	-12.89	1.16	130.14	0.40	1.83	0.09	25.27	0.27
NGC 4372	186.439101	-72.659084	300.993	-9.884	5.71	0.21	7.22	0.04	75.59	0.30	-6.409	0.004	3.309	0.005	0.18	5.28	0.11	-4.82	0.18	-0.98	0.04	100.02	0.18	84.28	0.26	64.83	0.13	2.88	0.10	7.26	0.03
Rup 106	189.667500	-51.150278	300.888	11.671	20.71	0.36	18.04	0.32	-38.36	0.26	-1.253	0.008	0.401	0.008	0.45	-2.23	0.18	-17.41	0.30	4.19	0.07	118.81	0.71	226.10	0.49	31.88	0.73	4.63	0.13	34.70	0.76
NGC 4590	189.866577	-26.744057	299.626	36.051	10.40	0.10	10.35	0.07	-93.11	0.18	-2.732	0.005	1.764	0.005	-0.15	4.02	0.04	-7.31	0.07	6.12	0.06	170.43	0.24	289.18	0.21	16.43	0.21	8.88	0.06	29.37	0.41
BH 140	193.472915	-67.177276	303.171	-4.307	4.81	0.25	6.86	0.01	90.30	0.35	-14.901	0.069	1.258	0.073	0.17	5.55	0.13	-4.01	0.21	-0.36	0.02	222.36	1.33	-10.80	0.91	32.29	1.66	2.01	0.11	10.00	0.57
NGC 4833	194.891342	-70.876503	303.604	-8.015	6.48	0.08	7.13	0.02	201.99	0.40	-8.390	0.006	-0.968	0.006	0.19	4.63	0.05	-5.34	0.07	-0.90	0.01	95.21	0.27	-54.95	0.34	-42.21	0.19	0.85	0.03	7.62	0.08
NGC 5024	198.230209	18.168165	332.963	79.764	18.50	0.18	19.00	0.16	-63.37	0.25	-0.131	0.005	-1.332	0.005	-0.34	5.25	0.03	-1.49	0.01	18.20	0.18	-57.27	0.41	155.76	0.41	-72.49	0.26	9.28	0.03	22.64	0.17
NGC 5053	199.112885	17.700251	335.699	78.946	17.54	0.23	18.01	0.20	42.82	0.25	-0.338	0.007	-1.214	0.007	-0.34	5.11	0.04	-1.38	0.02	17.21	0.23	-52.79	0.58	150.82	0.58	35.30	0.27	10.79	0.05	17.84	0.20
NGC 5139	201.696991	-47.479473	309.102	14.968	5.43	0.05	6.50	0.01	232.78	0.21	-3.236	0.011	-6.731	0.011	-0.12	4.87	0.03	-4.07	0.04	1.40	0.01	-95.98	0.25	-21.69	0.24	-86.82	0.27	1.47	0.04	6.95	0.03
NGC 5272	205.548416	28.377277	42.217	78.707	10.18	0.08	12.09	0.06	-147.20	0.27	-0.153	0.007	-2.679	0.007	0.14	6.70	0.01	1.34	0.01	9.98	0.08	-65.30	0.32	127.78	0.32	-134.17	0.27	5.28	0.02	15.80	0.10
NGC 5286	206.611710	-51.374249	311.614	10.568	11.10	0.14	8.46	0.09	62.38	0.40	0.187	0.007	-0.160	0.007	0.08	0.93	0.09	-8.16	0.11	2.03	0.03	-58.91	0.39	210.15	0.39	8.54	0.37	0.93	0.05	12.78	0.16
AM 4	209.089066	-27.165171	320.283	33.510	29.01	0.94	24.58	0.87	151.19	2.85	-0.538	0.306	-2.485	0.349	-0.46	-10.43	0.60	-15.46	0.50	16.02	0.52	-126.95	32.78	-68.39	38.19	-162.90	39.49	21.12	5.02	52.50	97.64
NGC 5466	211.363709	28.534445	42.150	73.592	16.12	0.16	16.48	0.14	106.82	0.20	-5.336	0.005	-0.809	0.004	0.17	4.80	0.03	3.06	0.03	15.46	0.16	217.90	0.34	-33.47	0.34	225.06	0.22	6.16	0.26	47.79	1.51
NGC 5634	217.405335	-5.976430	342.210	49.260	25.96	0.62	21.84	0.57	-16.07	0.60	-1.690	0.009	-1.489	0.008	-0.04	-7.95	0.39	-5.18	0.12	19.67	0.47	59.05	0.92	-14.26	1.03	-26.56	0.80	3.08	0.25	22.18	0.59
NGC 5694	219.901245	-26.538776	331.056	30.360	34.84	0.74	29.16	0.70	-139.55	0.49	-0.476	0.012	-1.102	0.011	-0.36	-18.13	0.56	-14.55	0.31	17.61	0.37	114.37	1.32	144.79	1.72	-170.18	1.60	29.14	0.71	59.26	1.47
IC 4499	225.077188	-82.213792	307.354	-20.473	18.89	0.25	15.75	0.22	38.41	0.31	0.457	0.007	-0.492	0.007	-0.05	-2.56	0.14	-14.07	0.19	-6.61	0.09	-30.75	0.55	247.81	0.48	-61.21	0.62	6.68	0.19	28.58	0.53
NGC 5824	225.994156	-33.068138	332.555	22.071	31.71	0.60	25.42	0.57	-25.24	0.52	-1.193	0.010	-2.228	0.009	-0.20	-17.90	0.49	-13.55	0.26	11.92	0.23	97.40	0.96	-61.59	1.35	-179.17	1.35	13.94	1.19	34.99	1.61
Pal 5	229.019167	-0.121000	0.839	45.856	21.94	0.51	17.27	0.47	-58.61	0.15	-2.754	0.017	-2.643	0.014	0.01	-7.10	0.36	0.22	0.01	15.74	0.37	49.28	1.16	-144.14	1.59	-10.20	1.13	8.88	1.20	17.54	0.61
NGC 5897	229.351659	-21.010122	342.946	30.294	12.55	0.24	7.41	0.18	101.31	0.22	-5.415	0.006	-3.392	0.006	-0.33	-2.18	0.19	-3.18	0.06	6.33	0.12	34.52	0.27	-129.35	0.34	91.18	0.32	2.45	0.22	8.83	0.29
NGC 5904	229.638412	2.081028	3.859	46.796	7.48	0.06	6.27	0.02	53.50	0.25	4.073	0.006	-9.872	0.006	-0.37	3.07	0.04	0.34	0.00	5.45	0.04	-301.43	0.23	89.62	0.22	-181.13	0.23	3.25	0.03	23.44	0.53
NGC 5927	232.002869	-50.673031	326.604	4.860	8.27	0.11	4.77	0.03	-104.09	0.28	-5.058	0.006	-3.186	0.006	-0.25	1.30	0.09	-4.54	0.06	0.70	0.01	205.00	0.27	114.22	0.25	7.05	0.23	4.03	0.01	5.48	0.07
NGC 5946	233.869051	-50.659713	327.583	4.191	9.64	0.51	5.20	0.26	137.60	0.94	-5.317	0.015	-1.639	0.015	-0.20	0.06	0.43	-5.16	0.27	0.70	0.04	7.20	0.88	-21.45	0.77	98.68	0.70	0.48	0.15	5.13	0.32
NGC 5986	236.512497	-37.786415	337.022	13.268	10.54	0.13	4.85	0.08	101.18	0.43	-4.180	0.017	-4.565	0.017	-0.15	-1.27	0.12	-4.00	0.05	2.42	0.03	8.15	0.53	-71.93	0.78	-13.39	0.81	0.54	0.08	5.03	0.09
FSR 1716	242.625000	-53.748889	329.778	-1.593	7.43	0.27	4.14	0.02	-30.70	0.98	-4.407	0.029	-8.862	0.026	-0.11	1.76	0.23	-3.74	0.13	-0.21	0.01	182.51	0.98	-12.33	0.97	-115.33	0.97	2.35	0.10	4.90	0.13
Pal 14	242.752500	14.957778	28.746	42.192	73.58	1.63	68.55	1.56	72.30	0.14	-0.458	0.038	-0.414	0.037	0.23	-39.62	1.06	26.22	0.58	49.42	1.09	-99.22	9.79	77.43	12.14	122.42	9.68	3.75	0.92	500.00	0.00
Lynga 7	242.765213	-55.317776	328.769	-2.797	7.90	0.16	4.35	0.03	17.86	0.83	-3.836	0.061	-7.071	0.053	0.19	1.43	0.14	-4.09	0.08	-0.39	0.01	125.71	1.32	1.23	1.90	-89.33	2.11	1.79	0.07	4.38	0.08
NGC 6093	244.260040	-22.976084	352.673	19.463	10.34	0.12	3.95	0.08	10.93	0.39	-2.937	0.010	-5.577	0.010	-0.33	-1.49	0.11	-1.24	0.01	3.44	0.04	-9.10	0.40	-48.78	0.48	-62.97	0.47	0.87	0.07	4.07	0.07
NGC 6121	245.896744	-26.525749	350.973	15.972	1.85	0.02	6.45	0.01	71.22	0.13	-12.511	0.007	-19.017	0.007	-0.21	6.42	0.02	-0.28	0.00	0.51	0.00	-56.21	0.13	45.28	0.06	-3.04	0.07	0.62	0.07	6.52	0.13
NGC 6101	246.450485	-72.202194	317.746	-15.825	14.45	0.19	10.36	0.15	366.33	0.32	1.760	0.012	-0.252	0.012	0.07	-2.11	0.13	-9.35	0.12	-3.94	0.05	-297.01	0.63	83.88	0.67	-190.08	0.81	10.19	0.13	35.74	1.11
NGC 6144	246.807770	-26.023500	351.929	15.701	8.15	0.13	2.50	0.02	194.79	0.58	-1.737	0.017	-2.624	0.016	-0.22	0.41	0.12	-1.10	0.02	2.21	0.03	-184.47	0.58	106.09	0.63	43.41	0.63	1.89	0.10	3.11	0.05
NGC 6139	246.918466	-38.848782	342.366	6.939	10.04	0.45	3.51	0.28	24.41	0.95	-6.083	0.012	-2.705	0.012	-0.05	-1.32	0.43	-3.02	0.14	1.21	0.05	68.39	0.91	-29.37	0.63	130.82	0.59	1.32	0.23	3.58	0.30
Terzan 3	247.162483	-35.339829	345.084	9.199	7.64	0.31	2.46	0.02	-135.76	0.57	-5.578	0.019	-1.748	0.018	-0.04	0.89	0.30	-1.94	0.08	1.22	0.05	181.97	0.58	113.20	0.65	89.05	0.67	2.40	0.05	2.88	0.08
NGC 6171	248.132752	-13.053778	3.373	23.011	5.63	0.08	3.74	0.04	-34.71	0.18	-1.936	0.007	-5.979	0.007	-0.02	3.00	0.07	0.30	0.00	2.20	0.03	-10.30	0.18	93.71	0.18	-57.70	0.18	1.21	0.03	3.83	0.03
ESO 452-SC11	249.854167	-28.399167	351.909	12.098	7.39	0.20	2.12	0.05	16.75	0.44	-1.437	0.024	-6.471	0.022	-0.25	1.03	0.19	-1.02	0.03	1.55	0.04	-20.80	0.48	43.24	0.80	-94.85	0.81	0.35	0.10	2.37	0.13
NGC 6205	250.421814	36.459862	59.007	40.913	7.42	0.08	8.64	0.04	-244.90	0.30	-3.138	0.006	-2.572	0.006	0.23	5.29	0.03	4.81	0.05	4.86	0.05	30.36	0.24	-14.96	0.26	-77.75	0.26	1.51	0.01	8.73	0.04
NGC 6229	251.745249	47.527796	73.639	40.306	30.11	0.47	29.45	0.44	-137.89	0.71	-1.156	0.017	-0.461	0.018	0.17	1.71	0.10	22.03	0.34	19.47	0.30	-7.59	2.53	30.75	1.77	45.79	1.93	1.43	0.20	30.36	0.40
NGC 6218	251.809067	-1.948528	15.715	26.313	5.11	0.05	4.57	0.02	-41.67	0.14	-0.198	0.005	-6.804	0.005	0.13	3.77	0.04	1.24	0.01	2.26	0.02	-49.03	0.14	114.68	0.13	-85.24	0.13	2.15	0.02	4.71	0.01
FSR 1735	253.044174	-47.058056	339.188	-1.853	9.08	0.53	3.25	0.22	-69.85	4.88	-4.570	0.054	-1.515	0.046	-0.11	-0.31	0.49	-3.23	0.19	-0.29	0.02	113.12	4.59	111.87	2.63	120.05	2.20	1.13	0.14	4.12	0.39
NGC 6235	253.355676	-22.177447	358.918	13.518	11.94	0.38	4.42	0.33	126.68	0.33	-3.942	0.032	-7.602	0.031	-0.13	-3.43	0.37	-0.22	0.01	2.79	0.09	-144.47	0.52	-227.91	1.76	-43.18	1.72	3.50	0.38	7.49	1.09
NGC 6254	254.287720	-4.100306	15.137	23.076	5.07	0.06	4.35	0.03	74.21	0.23	-4.763	0.011	-6.611	0.011	-0.07	3.68	0.06	1.22	0.02	1.99	0.03	-122.90	0.24	80.21	0.26	48.71	0.26	1.91	0.02	4.60	0.04
NGC 6256	254.886107	-37.120968	347.792	3.307	7.24	0.29	1.94	0.11	-99.75	0.66	-3.685	0.019	-1.634	0.018	-0.14	1.11	0.29	-1.53	0.06	0.42	0.02	115.73	0.66	154.69	0.63	66.43	0.64	1.42	0.22	2.18	0.03
Pal 15	254.962600	-0.539000	18.849	24.337	44.10	1.14	37.28	1.10	72.27	1.74	-0.601	0.035	-0.855	0.029	-0.06	-29.85	0.98	12.98	0.33	18.17	0.47	-136.67	3.47	65.03	6.22	53.59	6.41	1.52	0.53	49.66	1.48
NGC 6266	255.304153	-30.113390	353.575	7.318	6.03	0.09	2.46	0.07	-73.98	0.67	-5.030	0.031	-3.004	0.031	-0.05	2.24	0.09	-0.67	0.01	0.77	0.01	87.09	0.68	106.94	0.89	59.64	0.89	1.08	0.06	2.69	0.07
NGC 6273	255.657486	-26.267971	356.869	9.382	8.34	0.16	1.43	0.03	145.54	0.59	-3.256	0.010	1.668	0.009	0.00	-0.04	0.16	-0.45	0.01	1.36	0.03	-129.95	0.59	221.75	0.38	171.75	0.38	1.22	0.04	3.29	0.10
NGC 6284	256.120114	-24.764799	358.347	9.939	14.21	0.42	6.32	0.40	28.62	0.73	-3.205	0.014	-2.004	0.014	0.10	-5.81	0.41	-0.40	0.01	2.45	0.07	-16.17	0.74	15.56	0.94	105.21	0.94	1.02	0.06	6.48	0.39
NGC 6287	256.288904	-22.708005	0.132	11.023	7.93	0.37	1.57	0.04	-294.74	1.65	-4.991	0.010	-1.886	0.009	-0.02	0.40	0.36	0.02	0.00	1.52	0.07	298.98	1.62	84.28	0.35	59.53	0.47	0.91	0.06	4.16	0.17
NGC 6293	257.542500	-26.582083	357.620	7.834	9.19	0.28	1.60	0.18	-143.66	0.39	0.865	0.020	-4.330	0.020	-0.04	-0.92	0.28	-0.38	0.01	1.25	0.04	117.36	0.42	126.19	1.07	-151.88	1.07	0.44	0.13	2.79	0.39
NGC 6304	258.634399	-29.462028	355.826	5.376	6.15	0.15	2.19	0.13	-108.62	0.39	-4.073	0.012	-1.089	0.011	0.05	2.07	0.15	-0.45	0.01	0.58	0.01	110.98	0.39	166.20	0.32	75.17	0.33	1.56	0.13	2.70	0.14
NGC 6316	259.155417	-28.140111	357.175	5.764	11.15	0.39	3.16	0.36	99.65	0.84	-4.974	0.028	-4.605	0.027	0.08	-2.90	0.38	-0.55	0.02	1.12	0.04	-85.27	0.85	-102.10	1.44	92.58	1.46	0.87	0.21	3.85	0.50
NGC 6341	259.280762	43.135944	68.338	34.859	8.50	0.07	9.85	0.04	-120.55	0.27	-4.934	0.012	-0.630	0.012	0.13	5.60	0.02	6.48	0.05	4.86	0.04	22.97	0.46	39.48	0.37	98.27	0.42	1.25	0.02	10.62	0.05
NGC 6325	259.496327	-23.767677	0.971	8.003	7.53	0.32	1.28	0.13	29.54	0.58	-8.288	0.029	-8.987	0.028	0.17	0.72	0.32	0.13	0.01	1.05	0.04	-38.92	0.59	-179.39	1.02	73.60	1.02	1.05	0.03	1.31	0.13
NGC 6333	259.799086	-18.516257	5.544	10.705	8.30	0.14	1.73	0.02	310.75	2.12	-2.179	0.009	-3.213	0.008	0.07	0.06	0.14	0.79	0.01	1.54	0.03	-329.48	2.06	129.70	0.38	66.52	0.51	1.22	0.02	6.14	0.12
NGC 6342	260.291573	-19.587659	4.898	9.725	8.01	0.23	1.54	0.02	115.75	0.90	-2.915	0.013	-7.106	0.013	-0.07	0.31	0.23	0.67	0.02	1.35	0.04	-158.75	0.89	-22.34	0.49	-29.08	0.52	0.84	0.09	1.66	0.04
NGC 6356	260.895804	-17.813027	6.724	10.220	15.66	0.92	7.86	0.87	48.18	1.82	-3.769	0.011	-3.410	0.010	0.03	-7.12	0.90	1.80	0.11	2.78	0.16	-83.82	1.79	-106.31	0.76	111.08	0.82	3.62	1.13	8.99	1.26
NGC 6355	260.993533	-26.352827	359.585	5.429	8.65	0.22	0.93	0.12	-195.85	0.55	-4.732	0.015	-0.558	0.014	0.27	-0.44	0.22	-0.06	0.00	0.82	0.02	198.82	0.55	126.39	0.60	136.36	0.62	0.79	0.08	1.50	0.26
NGC 6352	261.371277	-48.422169	341.421	-7.166	5.54	0.07	3.51	0.04	-125.63	1.01	-2.169	0.008	-4.430	0.008	0.17	2.96	0.07	-1.75	0.02	-0.69	0.01	149.96	0.96	170.76	0.37	6.51	0.24	3.09	0.02	3.94	0.07
IC 1257	261.785431	-7.093056	16.528	15.145	26.59	1.43	19.27	1.36	-137.97	2.04	-1.029	0.025	-1.490	0.019	0.24	-16.43	1.32	7.30	0.39	6.95	0.37	55.77	2.11	-5.13	2.57	-13.47	2.87	1.03	0.24	20.07	1.37
Terzan 2	261.887917	-30.802333	356.319	2.298	7.75	0.33	0.74	0.16	133.46	0.69	-2.142	0.030	-6.255	0.027	0.21	0.45	0.32	-0.50	0.02	0.31	0.01	-131.58	0.70	9.08	1.03	-49.50	1.08	0.16	0.03	0.86	0.22
NGC 6366	261.934357	-5.079861	18.409	16.036	3.44	0.05	5.23	0.04	-120.65	0.19	-0.342	0.008	-5.155	0.008	0.20	5.04	0.05	1.05	0.02	0.95	0.01	65.24	0.18	147.16	0.14	-62.03	0.14	2.24	0.04	5.70	0.04
Terzan 4	262.662506	-31.595528	356.024	1.308	7.59	0.31	0.82	0.20	-48.96	1.57	-5.364	0.035	-3.674	0.031	0.21	0.61	0.31	-0.53	0.02	0.17	0.01	54.76	1.56	39.76	1.17	94.74	1.22	0.19	0.04	0.85	0.19
HP 1	262.771667	-29.981667	357.425	2.115	7.00	0.14	1.26	0.13	39.76	1.22	2.500	0.028	-10.049	0.027	0.17	1.19	0.14	-0.31	0.01	0.26	0.01	-49.60	1.22	16.99	0.89	-243.09	0.91	0.72	0.13	1.67	0.11
FSR 1758	262.800000	-39.808000	349.217	-3.292	11.09	0.74	3.46	0.63	227.31	0.59	-2.875	0.008	2.509	0.007	0.08	-2.69	0.72	-2.07	0.14	-0.64	0.04	-250.44	0.58	235.01	0.39	192.45	0.39	3.63	0.62	13.22	3.42
NGC 6362	262.979096	-67.048332	325.555	-17.570	7.65	0.07	5.20	0.01	-14.58	0.18	-5.502	0.006	-4.761	0.006	0.07	2.16	0.05	-4.12	0.04	-2.31	0.02	117.09	0.19	40.56	0.20	99.81	0.20	2.64	0.03	5.24	0.02
Liller 1	263.352333	-33.389556	354.840	-0.161	8.06	0.34	0.74	0.07	60.36	2.44	-5.183	0.176	-6.979	0.143	0.35	0.15	0.34	-0.72	0.03	-0.02	0.00	-41.46	2.48	-83.37	5.81	28.07	6.39	0.09	0.04	0.85	0.09
NGC 6380	263.618611	-39.069530	350.182	-3.422	9.61	0.30	2.15	0.21	-1.48	0.73	-2.186	0.017	-3.256	0.016	-0.02	-1.27	0.30	-1.64	0.05	-0.57	0.02	20.58	0.74	76.51	0.73	11.08	0.75	0.28	0.05	2.11	0.24
Terzan 1	263.946667	-30.481778	357.558	0.991	5.67	0.17	2.52	0.17	57.55	1.61	-2.886	0.046	-4.870	0.044	0.08	2.51	0.17	-0.24	0.01	0.10	0.00	-62.20	1.61	97.77	1.21	2.95	1.22	0.57	0.09	2.68	0.17
Ton 2	264.042000	-38.556100	350.793	-3.424	6.99	0.34	1.76	0.19	-184.72	1.12	-5.936	0.020	-0.795	0.019	0.24	1.29	0.33	-1.12	0.05	-0.42	0.02	182.40	1.11	154.24	0.65	169.82	0.65	1.80	0.14	3.00	0.29
NGC 6388	264.071777	-44.735500	345.556	-6.738	11.17	0.16	3.99	0.13	83.11	0.45	-1.317	0.007	-2.715	0.007	0.01	-2.57	0.16	-2.77	0.04	-1.31	0.02	-49.47	0.44	78.28	0.38	-19.32	0.38	1.15	0.02	4.05	0.12
NGC 6402	264.400651	-3.245916	21.324	14.804	9.14	0.25	3.97	0.11	-60.71	0.45	-3.599	0.006	-5.055	0.006	0.12	-0.06	0.23	3.21	0.09	2.34	0.06	-46.65	0.42	-20.92	0.30	20.20	0.29	0.56	0.08	4.28	0.13
NGC 6401	264.652191	-23.909605	3.450	3.980	7.44	0.22	1.03	0.14	-105.44	2.50	-2.762	0.010	1.464	0.008	0.29	0.77	0.22	0.45	0.01	0.52	0.02	101.04	2.48	237.50	0.34	109.65	0.38	0.47	0.14	2.12	0.34
NGC 6397	265.175385	-53.674335	338.165	-11.960	2.48	0.02	6.01	0.02	18.51	0.08	3.251	0.005	-17.649	0.005	-0.25	5.92	0.02	-0.90	0.01	-0.51	0.00	58.24	0.08	106.68	0.06	-130.34	0.06	2.60	0.01	6.30	0.01
Pal 6	265.925812	-26.224995	2.090	1.779	7.05	0.45	1.19	0.40	177.00	1.35	-9.190	0.021	-5.283	0.018	0.27	1.14	0.45	0.26	0.02	0.22	0.01	-194.00	1.34	-52.44	0.62	181.72	0.66	0.29	0.09	2.08	0.70
NGC 6426	266.227960	3.170142	28.087	16.234	20.71	0.35	14.45	0.32	-210.51	0.51	-1.821	0.016	-2.998	0.015	0.27	-9.36	0.30	9.36	0.16	5.79	0.10	11.24	0.91	-149.16	1.37	-29.02	1.48	3.67	0.36	17.00	0.52
Djorg 1	266.869583	-33.066389	356.675	-2.484	9.88	0.65	1.82	0.59	-359.18	1.64	-4.725	0.028	-8.470	0.021	-0.02	-1.68	0.65	-0.57	0.04	-0.43	0.03	374.13	1.63	-180.09	1.08	7.50	1.22	1.19	0.31	9.29	3.67
Terzan 5	267.020200	-24.779055	3.839	1.687	6.62	0.15	1.65	0.13	-81.97	0.85	-1.864	0.030	-5.108	0.027	0.33	1.58	0.15	0.44	0.01	0.19	0.00	58.48	0.85	79.79	0.88	-27.76	0.92	0.27	0.04	1.69	0.15
NGC 6440	267.220167	-20.360417	7.729	3.801	8.25	0.24	1.23	0.03	-69.39	0.93	-1.189	0.024	-4.004	0.024	0.34	0.02	0.24	1.11	0.03	0.55	0.02	33.58	0.93	86.46	0.94	-37.51	0.94	0.21	0.07	1.26	0.06
NGC 6441	267.554413	-37.051445	353.532	-5.006	12.73	0.16	4.78	0.15	18.47	0.56	-2.566	0.020	-5.373	0.020	0.17	-4.42	0.16	-1.43	0.02	-1.11	0.01	13.63	0.58	-105.17	1.20	-25.31	1.20	1.61	0.13	4.70	0.14
Terzan 6	267.693250	-31.275389	358.571	-2.162	7.27	0.35	0.97	0.31	137.15	1.70	-4.993	0.052	-7.458	0.045	0.26	0.91	0.35	-0.18	0.01	-0.27	0.01	-141.03	1.70	-60.00	1.63	18.66	1.73	0.20	0.02	1.11	0.39
NGC 6453	267.715508	-34.598477	355.718	-3.872	10.07	0.22	2.10	0.19	-99.23	1.24	0.165	0.021	-5.920	0.021	0.18	-1.84	0.22	-0.75	0.02	-0.68	0.01	115.63	1.24	21.74	1.00	-136.21	1.02	0.45	0.11	2.52	0.23
UKS 1	268.613312	-24.145277	5.125	0.764	15.58	0.56	7.47	0.54	59.38	2.63	-0.960	0.207	-2.941	0.135	0.13	-7.34	0.56	1.39	0.05	0.21	0.01	-90.83	2.82	35.25	11.53	-40.64	14.11	0.47	0.15	7.80	0.60
VVV-CL001	268.677083	-24.014722	5.267	0.780	8.08	1.48	0.76	0.68	-327.28	0.90	-3.394	0.110	-1.710	0.077	0.30	0.13	1.48	0.74	0.14	0.11	0.02	304.62	0.94	100.38	3.30	81.91	3.91	0.72	0.36	4.11	1.99
NGC 6496	269.765350	-44.265945	348.027	-10.014	9.64	0.15	2.81	0.09	-134.72	0.26	-3.066	0.006	-9.257	0.005	0.16	-1.11	0.15	-1.97	0.03	-1.68	0.03	222.91	0.26	-146.82	0.24	-45.56	0.25	2.62	0.12	4.56	0.29
Terzan 9	270.411667	-26.839722	3.603	-1.989	5.77	0.34	2.46	0.33	68.56	0.54	-2.168	0.031	-7.698	0.029	0.34	2.42	0.34	0.36	0.02	-0.20	0.01	-91.02	0.54	44.46	0.81	-47.51	0.83	0.37	0.08	2.55	0.41
Djorg 2	270.454378	-27.825819	2.763	-2.508	8.76	0.18	0.80	0.13	-149.75	1.10	0.720	0.021	-3.003	0.018	0.01	-0.57	0.18	0.42	0.01	-0.38	0.01	137.64	1.10	151.13	0.79	-73.65	0.86	0.74	0.07	0.92	0.10
NGC 6517	270.460750	-8.958778	19.225	6.762	9.23	0.56	3.24	0.26	-35.06	1.65	-1.554	0.018	-4.452	0.017	0.34	-0.47	0.52	3.02	0.18	1.09	0.07	-49.03	1.57	50.13	0.89	-31.30	0.78	0.42	0.04	3.40	0.27
Terzan 10	270.740833	-26.066944	4.421	-1.864	10.21	0.40	2.17	0.37	211.37	2.27	-6.806	0.030	-2.595	0.023	0.03	-2.00	0.40	0.79	0.03	-0.33	0.01	-249.96	2.25	-1.58	1.20	225.31	1.36	1.07	0.28	5.60	1.10
NGC 6522	270.891958	-30.033974	1.025	-3.926	7.29	0.21	1.04	0.17	-15.23	0.49	2.586	0.014	-6.432	0.014	0.29	0.90	0.21	0.13	0.00	-0.50	0.01	14.18	0.49	101.30	0.48	-177.94	0.49	0.44	0.13	1.30	0.15
NGC 6535	270.960449	-0.297639	27.176	10.436	6.36	0.12	4.04	0.02	-214.85	0.46	-4.213	0.014	-2.935	0.013	0.19	2.61	0.11	2.86	0.06	1.15	0.02	125.60	0.45	27.55	0.41	38.55	0.41	0.96	0.05	4.52	0.05
NGC 6528	271.206697	-30.055778	1.139	-4.174	7.83	0.24	0.70	0.10	211.86	0.43	-2.173	0.021	-5.643	0.019	0.13	0.37	0.24	0.16	0.00	-0.57	0.02	-224.49	0.43	34.20	0.73	-39.40	0.76	0.43	0.07	0.92	0.28
NGC 6539	271.207276	-7.585858	20.795	6.776	8.16	0.39	3.09	0.07	35.19	0.50	-6.883	0.009	-3.549	0.008	0.41	0.60	0.36	2.88	0.14	0.96	0.05	-113.35	0.48	25.57	0.35	178.27	0.34	2.14	0.15	3.42	0.17
NGC 6540	271.535657	-27.765286	3.285	-3.313	5.91	0.27	2.34	0.25	-16.50	0.78	-3.695	0.019	-2.818	0.018	0.23	2.29	0.27	0.34	0.02	-0.34	0.02	-4.50	0.78	132.39	0.50	60.24	0.52	1.06	0.17	2.32	0.28
NGC 6544	271.833833	-24.998222	5.837	-2.202	2.58	0.06	5.62	0.06	-38.46	0.67	-2.269	0.026	-18.615	0.026	0.02	5.61	0.06	0.26	0.01	-0.10	0.00	8.81	0.67	36.42	0.33	-77.57	0.32	0.56	0.06	5.53	0.12
NGC 6541	272.009827	-43.714889	349.286	-11.188	7.61	0.10	2.19	0.01	-163.97	0.46	0.283	0.006	-8.832	0.005	0.09	0.84	0.10	-1.39	0.02	-1.48	0.02	228.17	0.45	13.34	0.21	-111.74	0.22	1.55	0.04	3.58	0.02
NGC 6553	272.323250	-25.908472	5.258	-3.027	6.02	0.14	2.37	0.12	-2.76	0.39	0.341	0.010	-0.466	0.009	0.10	2.29	0.14	0.49	0.01	-0.32	0.01	-16.03	0.39	138.25	0.19	91.06	0.19	1.72	0.16	2.74	0.21
NGC 6558	272.572917	-31.764167	0.199	-6.023	7.52	0.19	1.20	0.10	-196.15	0.73	-1.699	0.013	-4.132	0.011	0.23	0.88	0.19	0.04	0.00	-0.79	0.02	189.37	0.73	128.71	0.27	7.35	0.26	0.51	0.07	1.20	0.07
IC 1276	272.684167	-7.207500	21.830	5.674	4.46	0.09	3.78	0.07	157.98	0.63	-2.541	0.007	-4.564	0.007	0.21	3.25	0.08	1.93	0.04	0.44	0.01	-175.47	0.63	66.68	0.16	-16.54	0.14	1.51	0.04	4.18	0.10
Terzan 12	273.066667	-22.742222	8.368	-2.099	4.78	0.31	3.35	0.27	97.47	1.16	-6.224	0.025	-3.032	0.022	0.21	3.26	0.31	0.69	0.04	-0.17	0.01	-127.42	1.15	36.72	0.50	4.74	0.54	0.47	0.04	3.53	0.31
NGC 6569	273.411944	-31.827222	0.479	-6.679	10.37	0.22	2.82	0.18	-34.16	1.22	-4.133	0.012	-7.349	0.011	0.21	-0.55	0.22	0.12	0.00	-1.21	0.03	33.81	1.22	-145.76	0.31	-13.43	0.32	0.80	0.16	3.25	0.37
BH 261	273.526917	-28.634917	3.360	-5.269	6.07	0.37	1.59	0.35	7.27	0.81	3.602	0.023	-3.565	0.018	0.39	1.51	0.37	0.37	0.02	-0.60	0.04	-17.05	0.81	186.13	0.33	-130.42	0.45	0.71	0.21	1.65	0.42
NGC 6584	274.656667	-52.215556	342.144	-16.408	13.55	0.23	7.00	0.21	233.39	0.91	-0.085	0.009	-7.197	0.009	0.00	-4.03	0.22	-3.74	0.07	-3.75	0.06	-202.83	0.86	-11.84	0.32	82.51	0.35	3.56	0.25	16.02	0.98
NGC 6624	275.918667	-30.360527	2.789	-7.909	8.01	0.15	1.22	0.14	53.47	0.41	0.113	0.011	-6.929	0.011	0.21	1.10	0.15	0.38	0.01	-1.11	0.02	-56.87	0.41	-50.91	0.32	62.96	0.33	0.38	0.06	1.23	0.11
NGC 6626	276.136750	-24.869528	7.796	-5.577	5.43	0.10	2.69	0.06	17.59	0.37	-0.278	0.008	-8.924	0.008	-0.01	2.46	0.10	0.67	0.01	-0.52	0.01	-24.38	0.37	93.33	0.10	99.64	0.11	0.55	0.07	2.67	0.06
NGC 6638	277.733750	-25.496805	7.900	-7.155	9.77	0.21	2.27	0.19	17.74	0.68	-2.515	0.020	-4.066	0.020	0.17	-2.05	0.21	1.39	0.03	-1.24	0.03	-21.36	0.68	-128.31	0.44	76.54	0.44	0.64	0.16	3.07	0.36
NGC 6637	277.846167	-32.347500	1.718	-10.268	8.92	0.12	1.58	0.09	37.67	0.45	-5.029	0.013	-5.844	0.014	0.24	-0.89	0.12	0.29	0.00	-1.58	0.02	-44.09	0.45	-149.51	0.24	73.67	0.25	0.89	0.08	3.31	0.23
NGC 6642	277.975167	-23.475528	9.806	-6.440	7.61	0.20	1.32	0.14	-54.19	0.52	-0.198	0.008	-3.882	0.008	0.18	1.17	0.20	1.44	0.04	-0.90	0.02	44.00	0.52	-90.28	0.23	27.45	0.23	0.41	0.11	1.28	0.18
NGC 6652	278.940333	-32.990611	1.528	-11.378	9.99	0.16	2.60	0.14	-111.99	0.26	-5.491	0.009	-4.261	0.009	0.18	-2.19	0.16	0.25	0.00	-2.02	0.03	107.12	0.26	-31.50	0.24	28.34	0.24	0.82	0.10	3.14	0.24
NGC 6656	279.099750	-23.904778	9.889	-7.551	3.17	0.04	5.00	0.04	-146.09	0.12	9.836	0.006	-5.621	0.006	0.01	4.88	0.04	0.58	0.00	-0.44	0.00	102.74	0.12	-16.79	0.07	31.60	0.07	0.55	0.04	3.46	0.04
Pal 8	280.375333	-19.825611	14.108	-6.790	13.30	0.22	5.47	0.19	-35.60	0.34	-2.023	0.012	-5.659	0.012	0.18	-5.72	0.22	3.19	0.11	-1.50	0.05	-56.24	0.34	-11.10	0.42	80.94	0.39	0.87	0.13	14.39	0.52
NGC 6681	280.803333	-32.291944	2.846	-12.507	9.39	0.15	2.20	0.12	219.99	0.32	1.431	0.007	-4.733	0.007	0.18	-1.39	0.15	0.41	0.01	-2.00	0.03	-248.80	0.32	-56.54	0.23	95.22	0.23	0.82	0.07	3.52	0.21
NGC 6712	283.268167	-8.705500	25.347	-4.323	6.86	0.12	3.50	0.08	-107.20	0.15	3.352	0.010	-4.427	0.010	0.24	3.13	0.11	3.00	0.05	-0.52	0.01	138.02	0.15	-90.17	0.11	48.56	0.11	0.76	0.08	3.46	0.18
NGC 6715	283.763750	-30.479722	5.609	-14.087	26.50	0.51	18.91	0.39	142.33	0.28	-2.679	0.007	-1.388	0.007	0.00	-14.39	0.45	2.50	0.05	-6.53	0.13	-104.71	0.29	-74.58	0.30	42.20	0.31	10.44	0.47	26.30	0.63
NGC 6717	283.775167	-22.701333	12.880	-10.897	7.06	0.14	2.38	0.10	22.49	0.43	-3.124	0.014	-4.990	0.013	0.22	1.56	0.14	1.62	0.03	-1.30	0.03	-27.54	0.43	-110.85	0.14	82.39	0.15	0.52	0.06	2.37	0.12
NGC 6723	284.888417	-36.631667	0.069	-17.302	8.69	0.12	2.58	0.08	-94.77	0.21	1.011	0.006	-2.419	0.006	0.06	-0.03	0.12	0.01	0.00	-2.56	0.04	105.12	0.21	-40.05	0.10	-5.04	0.10	1.82	0.08	2.72	0.08
NGC 6749	286.313750	1.900500	36.205	-2.209	7.85	0.16	5.05	0.13	-58.69	0.24	-2.831	0.010	-5.999	0.009	0.20	4.63	0.15	4.77	0.09	-0.30	0.01	86.91	0.24	-74.96	0.13	44.60	0.14	2.54	0.11	5.19	0.12
NGC 6752	287.716583	-59.984583	336.493	-25.627	4.06	0.04	5.24	0.01	-25.86	0.14	-3.169	0.005	-4.013	0.005	0.05	3.87	0.03	-1.40	0.01	-1.74	0.02	74.72	0.14	57.04	0.08	24.07	0.08	0.75	0.03	4.25	0.01
NGC 6760	287.800167	1.029722	36.107	-3.921	7.36	0.10	4.82	0.07	-27.26	0.20	-1.113	0.006	-3.606	0.006	0.25	4.32	0.09	4.27	0.06	-0.50	0.01	97.44	0.20	-39.26	0.13	29.20	0.13	1.62	0.07	4.96	0.10
NGC 6779	289.148250	30.183472	62.658	8.342	9.44	0.13	9.18	0.09	-134.82	0.54	-2.027	0.009	1.608	0.009	0.21	4.40	0.07	8.30	0.11	1.38	0.02	118.46	0.54	-105.13	0.22	72.00	0.24	1.08	0.13	9.89	0.16
Terzan 7	289.432917	-34.657917	3.388	-20.072	22.77	0.53	15.56	0.47	165.85	0.69	-3.002	0.011	-1.647	0.010	0.27	-11.53	0.40	1.34	0.03	-7.82	0.18	76.11	0.67	19.99	0.31	49.55	0.30	12.14	0.50	23.24	0.58
Pal 10	289.509167	18.571833	52.431	2.724	5.91	0.12	6.40	0.10	-29.23	0.27	-4.301	0.020	-7.177	0.019	0.26	3.64	0.11	4.73	0.10	0.28	0.01	91.72	0.27	-7.98	0.22	7.83	0.22	0.66	0.06	6.88	0.28
Arp 2	292.184167	-30.355556	8.545	-20.789	28.61	0.82	21.41	0.77	117.87	1.12	-2.328	0.015	-1.471	0.014	0.24	-16.62	0.58	4.02	0.12	-10.22	0.29	33.62	1.09	31.73	0.42	33.78	0.43	11.73	0.53	32.66	1.39
NGC 6809	294.999417	-30.965167	8.793	-23.272	5.37	0.05	3.92	0.03	175.06	0.15	-3.444	0.005	-9.294	0.005	0.22	3.15	0.05	0.76	0.01	-2.12	0.02	-123.17	0.15	-64.85	0.09	102.05	0.09	0.70	0.05	3.91	0.03
Terzan 8	295.435417	-33.999444	5.762	-24.559	26.32	0.60	19.43	0.55	131.23	0.72	-2.489	0.011	-1.577	0.010	0.17	-13.59	0.43	2.38	0.05	-10.90	0.25	33.28	0.69	28.77	0.33	51.22	0.33	13.51	0.55	27.36	0.58
Pal 11	296.310000	-8.007000	31.808	-15.573	13.39	0.32	8.22	0.27	-68.90	0.97	-1.778	0.018	-4.947	0.017	0.26	-4.46	0.27	6.79	0.16	-3.62	0.09	76.04	0.93	-11.47	0.80	51.00	0.79	1.27	0.18	8.61	0.36
NGC 6838	298.443750	18.779167	56.745	-4.562	4.01	0.04	6.74	0.01	-22.63	0.16	-3.416	0.006	-2.660	0.006	0.20	5.77	0.04	4.76	0.05	-0.29	0.00	105.60	0.16	86.57	0.06	-0.01	0.06	1.41	0.07	7.39	0.07
NGC 6864	301.520417	-21.921167	20.301	-25.749	20.51	0.29	14.72	0.27	-190.12	0.87	-0.598	0.009	-2.806	0.009	0.24	-6.47	0.26	6.56	0.09	-9.08	0.13	152.11	0.83	-36.42	0.62	-20.66	0.57	3.94	0.36	21.48	0.49
NGC 6934	308.547083	7.404167	52.100	-18.886	15.72	0.23	12.79	0.20	-411.15	0.24	-2.655	0.009	-4.688	0.009	0.21	-9.24	0.22	11.78	0.17	-5.08	0.07	401.00	0.24	-143.40	0.17	-24.08	0.17	0.68	0.16	15.99	0.37
NGC 6981	313.364917	-12.537167	35.162	-32.681	16.71	0.24	12.90	0.22	-334.68	0.24	-1.271	0.008	-3.368	0.008	0.22	-8.31	0.22	8.28	0.12	-9.19	0.13	294.93	0.24	-26.82	0.12	-6.95	0.13	0.97	0.13	12.56	0.22
NGC 7006	315.372083	16.186917	63.770	-19.409	41.23	0.55	38.52	0.52	-385.10	0.50	-0.130	0.009	-0.631	0.009	0.20	-17.35	0.46	34.94	0.47	-13.73	0.18	358.41	0.49	-115.71	0.25	-27.59	0.21	4.28	0.30	42.67	0.50
NGC 7078	322.493083	12.166611	65.009	-27.310	10.73	0.07	10.39	0.04	-106.81	0.29	-0.631	0.007	-3.793	0.007	0.23	4.61	0.04	8.29	0.05	-4.87	0.03	90.41	0.29	23.94	0.17	17.72	0.18	1.61	0.03	10.63	0.06
NGC 7089	323.362917	-0.823167	53.370	-35.768	11.74	0.15	10.41	0.12	-5.84	0.24	3.435	0.008	-2.163	0.008	0.24	-3.90	0.14	7.51	0.10	-6.72	0.09	-12.52	0.24	85.37	0.13	128.12	0.13	1.75	0.11	12.46	0.15
NGC 7099	325.091667	-23.179722	27.180	-46.836	8.48	0.07	7.06	0.04	-185.15	0.21	-0.728	0.006	-7.285	0.006	0.22	2.59	0.06	2.49	0.03	-5.90	0.05	174.14	0.21	-12.02	0.07	-30.09	0.08	1.49	0.04	8.95	0.05
Pal 12	326.662083	-21.252500	30.509	-47.683	19.07	0.60	15.83	0.56	28.49	0.87	-3.208	0.017	-3.341	0.016	0.29	-9.16	0.51	6.53	0.21	-14.13	0.44	22.90	0.84	13.51	0.41	48.87	0.41	10.95	0.56	21.28	0.60
Pal 13	346.684583	12.771667	87.098	-42.700	26.19	0.60	27.10	0.58	24.52	0.25	1.751	0.031	0.093	0.029	0.16	19.05	0.44	-17.62	0.40	-17.61	0.40	-19.41	0.30	-17.67	0.18	-29.41	0.16	15.72	0.45	28.65	0.96
NGC 7492	347.110833	-15.610917	53.386	-63.478	26.34	0.52	25.29	0.50	-177.47	0.32	0.763	0.012	-2.320	0.011	0.24	-7.04	0.44	9.37	0.18	-23.53	0.46	162.47	0.32	-28.93	0.17	6.91	0.18	2.27	0.27	25.74	0.49
