NGC 104	6.02379	-72.08131	-0.74	-17.45	0.16	4.52	7.52	89.5	1.557	297
NGC 288	13.18850	-26.58261	-1.27	-44.45	0.13	8.99	12.21	9.3	0.605	43
NGC 362	15.80942	-70.84878	-1.11	223.12	0.28	8.83	9.62	28.4	0.598	70
Palomar 1	53.33350	79.58105	-0.45	-75.72	0.29	11.28	17.41	0.10	0.122	3
NGC 1851	78.52816	-40.04655	-1.13	321.40	1.55	11.95	16.69	31.8	0.611	71
NGC 1904	81.04584	-24.52442	-1.52	205.76	0.20	13.08	19.09	13.9	0.259	40
NGC 2298	102.24754	-36.00531	-1.84	147.15	0.57	9.83	15.07	5.6	0.435	12
NGC 2808	138.01291	-64.86349	-1.07	103.57	0.27	10.06	11.58	86.4	0.944	132
NGC 3201	154.40343	-46.41248	-1.39	493.65	0.21	4.74	8.93	16.0	0.925	217
NGC 4147	182.52626	18.54264	-1.63	179.35	0.31	18.53	20.20	3.9	0.274	3
Rup 106	189.66750	-51.15028	-1.30	-38.36	0.26	20.71	18.00	3.4	0.213	2
NGC 4590	189.86658	-26.74406	-2.22	-93.11	0.18	10.40	10.35	12.2	0.426	41
NGC 5024	198.23021	18.16817	-1.90	-63.37	0.25	18.50	19.00	45.5	0.549	41
NGC 5053	199.11288	17.70025	-2.21	42.82	0.25	17.54	18.01	7.4	0.317	17
NGC 5139	201.69699	-47.47947	-1.60	232.78	0.21	5.43	6.50	364.0	2.142	1864
NGC 5272	205.54842	28.37728	-1.43	-147.20	0.27	10.17	12.09	41.0	0.714	299
NGC 5466	211.36371	28.53444	-1.81	106.82	0.20	16.12	16.47	6.0	0.284	17
NGC 5634	217.40533	-5.97643	-1.72	-16.07	0.60	25.96	21.84	22.8	0.420	2
Palomar 5	229.01917	-0.12100	-1.24	-58.61	0.15	21.94	17.27	1.0	0.120	12
NGC 5904	229.63841	2.08103	-1.21	53.50	0.25	7.48	6.27	39.4	0.607	259
NGC 6093	244.26004	-22.97608	-1.61	10.93	0.39	10.34	3.95	33.8	0.344	3
NGC 6121	245.86974	-26.52575	-1.07	71.21	0.15	1.85	6.45	8.7	1.658	224
NGC 6144	246.80777	-26.02350	-1.80	194.79	0.58	8.15	2.50	7.9	0.198	1
NGC 6171	248.13275	-13.05378	-1.02	-34.71	0.18	5.63	3.74	7.5	0.368	65
NGC 6205	250.42181	36.45986	-1.48	-244.90	0.30	7.42	8.64	54.5	1.036	152
NGC 6229	251.74525	47.52780	-1.24	-137.89	0.71	30.11	29.45	28.6	0.395	11
NGC 6218	251.80907	-1.94853	-1.27	-41.67	0.14	5.11	4.57	10.7	0.508	107
NGC 6254	254.28772	-4.10031	-1.51	74.21	0.23	5.07	4.35	20.5	0.611	87
NGC 6273	255.65749	-26.26797	-1.71	145.54	0.59	8.34	1.43	69.7	0.266	81
NGC 6293	257.54250	-26.58208	-2.09	-143.66	0.39	9.19	1.60	20.5	0.153	20
NGC 6304	258.63440	-29.46203	-0.48	-108.62	0.39	6.15	2.19	12.6	0.276	34
NGC 6316	259.15542	-28.14011	-0.77	99.65	0.84	11.15	3.16	32.8	0.271	24
NGC 6341	259.28076	43.13594	-2.25	-120.55	0.27	8.50	9.84	35.2	0.808	80
Terzan 2	261.88792	-30.80233	-0.86	134.56	0.96	7.75	0.74	13.6	0.084	5
Terzan 4	262.66251	-31.59553	-1.38	-48.96	1.57	7.59	0.82	20.0	0.125	3
HP 1	262.77167	-29.98167	-1.21	39.76	1.22	6.99	1.26	12.4	0.156	17
FSR 1758	262.80000	-39.80800	-1.42	227.31	0.59	11.08	3.46	62.8	0.618	15
Liller 1	263.35233	-33.38956	-0.14	60.36	2.44	8.06	0.74	91.5	0.261	30
NGC 6380	263.61861	-39.06953	-0.78	-1.48	0.73	9.61	2.15	33.4	0.233	28
Ton 2	264.03929	-38.54092	-0.74	-184.72	1.12	6.99	1.76	6.9	0.166	11
NGC 6388	264.07178	-44.73550	-0.49	83.11	0.45	11.17	3.99	125.0	0.516	75
NGC 6401	264.65219	-23.90960	-1.09	-105.44	2.50	8.06	0.75	14.5	0.094	7
NGC 6397	265.17538	-53.67434	-2.02	18.51	0.08	2.48	6.01	9.7	1.174	187
Palomar 6	265.92581	-26.22499	-0.92	177.00	1.35	7.05	1.33	9.5	0.124	6
Terzan 5	267.02020	-24.77906	-0.78	-82.57	0.73	6.62	1.65	93.5	0.422	24
NGC 6441	267.55441	-37.05145	-0.49	18.47	0.56	12.73	4.78	132.0	0.502	25
UKS 1	268.61331	-24.14528	-1.00	59.38	2.63	15.58	7.70	7.7	0.170	5
Terzan 9	270.41167	-26.83972	-1.36	68.49	0.56	5.77	2.46	12.0	0.295	23
Djorg 2	270.45438	-27.82582	-1.07	-149.75	1.10	8.76	0.80	12.5	0.079	10
NGC 6517	270.46075	-8.95878	-1.58	-35.06	1.65	9.23	3.24	19.5	0.270	1
Terzan 10	270.74083	-26.06694	-1.62	211.37	2.27	10.21	2.17	30.2	0.191	2
NGC 6522	270.89198	-30.03397	-1.22	-15.23	0.49	7.30	1.04	21.1	0.181	15
NGC 6528	271.20670	-30.05578	-0.16	211.86	0.43	7.83	0.70	5.7	0.067	4
NGC 6539	271.20728	-7.58586	-0.74	35.19	0.50	8.17	3.09	20.9	0.317	1
NGC 6540	271.53566	-27.76529	-1.02	-16.50	0.78	5.91	2.34	3.5	0.165	6
NGC 6544	271.83383	-24.99822	-1.52	-38.46	0.67	2.58	5.62	9.1	1.078	27
NGC 6553	272.31532	-25.90775	-0.19	-0.27	0.34	5.33	2.83	28.5	0.494	17
NGC 6558	272.57397	-31.76451	-0.99	-195.12	0.73	7.47	1.08	2.65	0.073	6
Terzan 12	273.06583	-22.74194	-0.56	95.61	1.21	5.17	3.17	8.7	0.312	6
NGC 6569	273.41167	-31.82689	-0.92	-49.83	0.50	10.53	2.59	23.6	0.226	14
NGC 6642	277.97596	-23.47560	-1.09	-60.61	1.35	8.05	1.66	3.4	0.110	12
NGC 6656	279.09976	-23.90475	-1.70	-148.72	0.78	3.30	5.00	47.6	1.308	412
NGC 6715	283.76385	-30.47986	-0.62	143.13	0.43	26.28	18.51	178.0	0.618	1809
NGC 6717	283.77518	-22.70147	-1.12	30.25	0.90	7.52	2.38	3.6	0.151	5
NGC 6723	284.88812	-36.63225	-1.02	-94.39	0.26	8.27	2.47	17.7	0.258	9
NGC 6752	287.71710	-59.98455	-1.47	-26.01	0.12	4.12	5.30	27.6	0.913	152
NGC 6760	287.80027	1.03047	-0.75	-2.37	1.27	8.41	5.17	26.9	0.488	11
Palomar 10	289.50693	18.57899	0.02	-31.70	0.23	8.94	7.60	16.2	0.431	3
NGC 6809	294.99878	-30.96475	-1.76	174.70	0.17	5.35	4.01	19.3	0.549	98
NGC 6838	298.44373	18.77919	-0.75	-22.72	0.20	4.00	6.86	4.6	0.619	129
NGC 7078	322.49304	12.16700	-2.29	-106.84	0.30	10.71	10.76	63.3	0.757	155
NGC 7089	323.36258	-0.82325	-1.47	-3.78	0.30	11.69	10.54	62.7	0.548	36
